Workbook

Sheet T1_data
A1: Row Num | B1: state | C1: account_length | D1: area_code | E1: international_plan | F1: voice_mail_plan | G1: number_vmail_messages | H1: total_day_minutes | I1: total_day_calls | J1: total_day_charge | K1: total_eve_minutes | L1: total_eve_calls | M1: total_eve_charge | N1: total_night_minutes | O1: total_night_calls | P1: total_night_charge | Q1: total_intl_minutes | R1: total_intl_calls | S1: total_intl_charge | T1: number_customer_service_calls
A2: 1 | B2: KS | C2: 128 | D2: area_code_415 | E2: no | F2: yes | G2: 25 | H2: 265.1 | I2: 110 | J2: 45.07 | K2: 197.4 | L2: 99 | M2: 16.78 | N2: 244.7 | O2: 91 | P2: 11.01 | Q2: 10 | R2: 3 | S2: 2.7 | T2: 1
A3: 2 | B3: AL | C3: 118 | D3: area_code_510 | E3: yes | F3: no | G3: 0 | H3: 223.4 | I3: 98 | J3: 37.98 | K3: 220.6 | L3: 101 | M3: 18.75 | N3: 203.9 | O3: 118 | P3: 9.18 | Q3: 6.3 | R3: 6 | S3: 1.7 | T3: 0
A4: 3 | B4: IA | C4: 62 | D4: area_code_415 | E4: no | F4: no | G4: 0 | H4: 120.7 | I4: 70 | J4: 20.52 | K4: 307.2 | L4: 76 | M4: 26.11 | N4: 203 | O4: 99 | P4: 9.14 | Q4: 13.1 | R4: 6 | S4: 3.54 | T4: 4
A5: 4 | B5: VT | C5: 93 | D5: area_code_510 | E5: no | F5: no | G5: 0 | H5: 190.7 | I5: 114 | J5: 32.42 | K5: 218.2 | L5: 111 | M5: 18.55 | N5: 129.6 | O5: 121 | P5: 5.83 | Q5: 8.1 | R5: 3 | S5: 2.19 | T5: 3
A6: 5 | B6: NE | C6: 174 | D6: area_code_415 | E6: no | F6: no | G6: 0 | H6: 124.3 | I6: 76 | J6: 21.13 | K6: 277.1 | L6: 112 | M6: 23.55 | N6: 250.7 | O6: 115 | P6: 11.28 | Q6: 15.5 | R6: 5 | S6: 4.19 | T6: 3
A7: 6 | B7: IL | C7: 142 | D7: area_code_415 | E7: no | F7: no | G7: 0 | H7: 84.8 | I7: 95 | J7: 14.42 | K7: 136.7 | L7: 63 | M7: 11.62 | N7: 250.5 | O7: 148 | P7: 11.27 | Q7: 14.2 | R7: 6 | S7: 3.83 | T7: 2
A8: 7 | B8: LA | C8: 172 | D8: area_code_408 | E8: no | F8: no | G8: 0 | H8: 212 | I8: 121 | J8: 36.04 | K8: 31.2 | L8: 115 | M8: 2.65 | N8: 293.3 | O8: 78 | P8: 13.2 | Q8: 12.6 | R8: 10 | S8: 3.4 | T8: 3
A9: 8 | B9: GA | C9: 72 | D9: area_code_415 | E9: no | F9: yes | G9: 37 | H9: 220 | I9: 80 | J9: 37.4 | K9: 217.3 | L9: 102 | M9: 18.47 | N9: 152.8 | O9: 71 | P9: 6.88 | Q9: 14.7 | R9: 6 | S9: 3.97 | T9: 3
A10: 9 | B10: NJ | C10: 149 | D10: area_code_408 | E10: no | F10: no | G10: 0 | H10: 140.4 | I10: 94 | J10: 23.87 | K10: 271.8 | L10: 92 | M10: 23.1 | N10: 188.3 | O10: 108 | P10: 8.47 | Q10: 11.1 | R10: 9 | S10: 3 | T10: 1
A11: 10 | B11: ID | C11: 119 | D11: area_code_415 | E11: no | F11: no | G11: 0 | H11: 159.1 | I11: 114 | J11: 27.05 | K11: 231.3 | L11: 117 | M11: 19.66 | N11: 143.2 | O11: 91 | P11: 6.44 | Q11: 8.8 | R11: 3 | S11: 2.38 | T11: 5
A12: 11 | B12: WY | C12: 87 | D12: area_code_415 | E12: no | F12: no | G12: 0 | H12: 151 | I12: 83 | J12: 25.67 | K12: 219.7 | L12: 116 | M12: 18.67 | N12: 203.9 | O12: 127 | P12: 9.18 | Q12: 9.7 | R12: 3 | S12: 2.62 | T12: 5
A13: 12 | B13: WI | C13: 68 | D13: area_code_415 | E13: no | F13: no | G13: 0 | H13: 148.8 | I13: 70 | J13: 25.3 | K13: 246.5 | L13: 164 | M13: 20.95 | N13: 129.8 | O13: 103 | P13: 5.84 | Q13: 12.1 | R13: 3 | S13: 3.27 | T13: 3
... A751: 750 | B751: DC | C751: 109 | D751: area_code_510 | E751: no | F751: no | G751: 0 | H751: 188.8 | I751: 67 | J751: 32.1 | K751: 171.7 | L751: 92 | M751: 14.59 | N751: 224.4 | O751: 89 | P751: 10.1 | Q751: 8.5 | R751: 6 | S751: 2.3 | T751: 0

Sheet T2_data
A1: state | B1: account_length | C1: area_code | D1: international_plan | E1: voice_mail_plan | F1: number_vmail_messages | G1: total_day_minutes | H1: total_day_calls | I1: total_day_charge | J1: total_eve_minutes | K1: total_eve_calls | L1: total_eve_charge | M1: total_night_minutes | N1: total_night_calls | O1: total_night_charge | P1: total_intl_minutes | Q1: total_intl_calls | R1: total_intl_charge | S1: number_customer_service_calls | T1: churn
A2: OH | B2: 107 | C2: area_code_415 | D2: no | E2: yes | F2: 26 | G2: 161.6 | H2: 123 | I2: 27.47 | J2: 195.5 | K2: 103 | L2: 16.62 | M2: 254.4 | N2: 103 | O2: 11.45 | P2: 13.7 | Q2: 3 | R2: 3.7 | S2: 1 | T2: no
A3: NJ | B3: 137 | C3: area_code_415 | D3: no | E3: no | F3: 0 | G3: 243.4 | H3: 114 | I3: 41.38 | J3: 121.2 | K3: 110 | L3: 10.3 | M3: 162.6 | N3: 104 | O3: 7.32 | P3: 12.2 | Q3: 5 | R3: 3.29 | S3: 0 | T3: no
A4: OH | B4: 84 | C4: area_code_408 | D4: yes | E4: no | F4: 0 | G4: 299.4 | H4: 71 | I4: 50.9 | J4: 61.9 | K4: 88 | L4: 5.26 | M4: 196.9 | N4: 89 | O4: 8.86 | P4: 6.6 | Q4: 7 | R4: 1.78 | S4: 2 | T4: no
A5: OK | B5: 75 | C5: area_code_415 | D5: yes | E5: no | F5: 0 | G5: 166.7 | H5: 113 | I5: 28.34 | J5: 148.3 | K5: 122 | L5: 12.61 | M5: 186.9 | N5: 121 | O5: 8.41 | P5: 10.1 | Q5: 3 | R5: 2.73 | S5: 3 | T5: no
A6: MA | B6: 121 | C6: area_code_510 | D6: no | E6: yes | F6: 24 | G6: 218.2 | H6: 88 | I6: 37.09 | J6: 348.5 | K6: 108 | L6: 29.62 | M6: 212.6 | N6: 118 | O6: 9.57 | P6: 7.5 | Q6: 7 | R6: 2.03 | S6: 3 | T6: no
A7: MO | B7: 147 | C7: area_code_415 | D7: yes | E7: no | F7: 0 | G7: 157 | H7: 79 | I7: 26.69 | J7: 103.1 | K7: 94 | L7: 8.76 | M7: 211.8 | N7: 96 | O7: 9.53 | P7: 7.1 | Q7: 6 | R7: 1.92 | S7: 0 | T7: no
A8: LA | B8: 117 | C8: area_code_408 | D8: no | E8: no | F8: 0 | G8: 184.5 | H8: 97 | I8: 31.37 | J8: 351.6 | K8: 80 | L8: 29.89 | M8: 215.8 | N8: 90 | O8: 9.71 | P8: 8.7 | Q8: 4 | R8: 2.35 | S8: 1 | T8: no
A9: WV | B9: 141 | C9: area_code_415 | D9: yes | E9: yes | F9: 37 | G9: 258.6 | H9: 84 | I9: 43.96 | J9: 222 | K9: 111 | L9: 18.87 | M9: 326.4 | N9: 97 | O9: 14.69 | P9: 11.2 | Q9: 5 | R9: 3.02 | S9: 0 | T9: no
A10: IN | B10: 65 | C10: area_code_415 | D10: no | E10: no | F10: 0 | G10: 129.1 | H10: 137 | I10: 21.95 | J10: 228.5 | K10: 83 | L10: 19.42 | M10: 208.8 | N10: 111 | O10: 9.4 | P10: 12.7 | Q10: 6 | R10: 3.43 | S10: 4 | T10: yes
A11: RI | B11: 74 | C11: area_code_415 | D11: no | E11: no | F11: 0 | G11: 187.7 | H11: 127 | I11: 31.91 | J11: 163.4 | K11: 148 | L11: 13.89 | M11: 196 | N11: 94 | O11: 8.82 | P11: 9.1 | Q11: 5 | R11: 2.46 | S11: 0 | T11: no
A12: IA | B12: 168 | C12: area_code_408 | D12: no | E12: no | F12: 0 | G12: 128.8 | H12: 96 | I12: 21.9 | J12: 104.9 | K12: 71 | L12: 8.92 | M12: 141.1 | N12: 128 | O12: 6.35 | P12: 11.2 | Q12: 2 | R12: 3.02 | S12: 1 | T12: no
A13: MT | B13: 95 | C13: area_code_510 | D13: no | E13: no | F13: 0 | G13: 156.6 | H13: 88 | I13: 26.62 | J13: 247.6 | K13: 75 | L13: 21.05 | M13: 192.3 | N13: 115 | O13: 8.65 | P13: 12.3 | Q13: 5 | R13: 3.32 | S13: 3 | T13: no
... A4251: VT | B4251: 86 | C4251: area_code_415 | D4251: no | E4251: yes | F4251: 34 | G4251: 129.4 | H4251: 102 | I4251: 22 | J4251: 267.1 | K4251: 104 | L4251: 22.7 | M4251: 154.8 | N4251: 100 | O4251: 6.97 | P4251: 9.3 | Q4251: 16 | R4251: 2.51 | S4251: 0 | T4251: no

Sheet Q1
A1: Metric | B1: Value
A2: Total_customers | B2: =ROWS(T2_data!B2:B4251)+ROWS(T1_data!C2:C751) -> 5000
A3: Churned_customers (train only) | B3: =COUNTIFS(T2_data!T2:T4251,"yes") -> 598
A4: Non-churned_customers (train only) | B4: =COUNTIFS(T2_data!T2:T4251,"no") -> 3652
A5: Churn_rate (train sample) | B5: =B3/(B3+B4) -> 0.14070588

Sheet Q2
A1: Group | B1: Avg account length
A2: Non-churn (train) | B2: =AVERAGEIF(T2_data!T2:T4251,"no",T2_data!B2:B4251) -> 99.924973
A3: Churn (train) | B3: =AVERAGEIF(T2_data!T2:T4251,"yes",T2_data!B2:B4251) -> 102.13712

Sheet Q3
A1: International Plan | B1: Customer Count (train) | C1: Churned | D1: Churn Rate
A2: yes | B2: =COUNTIFS(T2_data!D2:D4251,"yes") -> 396 | C2: =COUNTIFS(T2_data!D2:D4251,"yes",T2_data!T2:T4251,"yes") -> 167 | D2: =IF(B2=0,0,C2/B2) -> 0.42171717
A3: no | B3: =COUNTIFS(T2_data!D2:D4251,"no") -> 3854 | C3: =COUNTIFS(T2_data!D2:D4251,"no",T2_data!T2:T4251,"yes") -> 431 | D3: =IF(B3=0,0,C3/B3) -> 0.11183186

Sheet Q4
A1: Churn (train) | B1: Avg customer service calls
A2: No | B2: =AVERAGEIF(T2_data!T2:T4251,"no",T2_data!S2:S4251) -> 1.4416758
A3: Yes | B3: =AVERAGEIF(T2_data!T2:T4251,"yes",T2_data!S2:S4251) -> 2.2759197

Sheet Q5
A1: Time Period | B1: Avg Charge (Non-Churn, train) | C1: Avg Charge (Churn, train)
A2: Day | B2: =AVERAGEIF(T2_data!T2:T4251,"no",T2_data!I2:I4251) -> 29.844948 | C2: =AVERAGEIF(T2_data!T2:T4251,"yes",T2_data!I2:I4251) -> 35.528679
A3: Evening | B3: =AVERAGEIF(T2_data!T2:T4251,"no",T2_data!L2:L4251) -> 16.878743 | C3: =AVERAGEIF(T2_data!T2:T4251,"yes",T2_data!L2:L4251) -> 17.847207
A4: Night | B4: =AVERAGEIF(T2_data!T2:T4251,"no",T2_data!O2:O4251) -> 8.9811309 | C4: =AVERAGEIF(T2_data!T2:T4251,"yes",T2_data!O2:O4251) -> 9.2850334

Sheet Q6
A1: Churn (train) | B1: Avg total day minutes
A2: No | B2: =AVERAGEIF(T2_data!T2:T4251,"no",T2_data!G2:G4251) -> 175.55509
A3: Yes | B3: =AVERAGEIF(T2_data!T2:T4251,"yes",T2_data!G2:G4251) -> 208.99013

Sheet Q7
A1: Voice mail plan | B1: Customer Count (train) | C1: Churned | D1: Churn Rate
A2: yes | B2: =COUNTIFS(T2_data!E2:E4251,"yes") -> 1112 | C2: =COUNTIFS(T2_data!E2:E4251,"yes",T2_data!T2:T4251,"yes") -> 82 | D2: =IF(B2=0,0,C2/B2) -> 0.073741007
A3: no | B3: =COUNTIFS(T2_data!E2:E4251,"no") -> 3138 | C3: =COUNTIFS(T2_data!E2:E4251,"no",T2_data!T2:T4251,"yes") -> 516 | D3: =IF(B3=0,0,C3/B3) -> 0.16443595

Sheet Q8
A1: Churn (train) | B1: Avg Intl Minutes | C1: Avg Intl Charges
A2: No | B2: =AVERAGEIF(T2_data!T2:T4251,"no",T2_data!P2:P4251) -> 10.194441 | C2: =AVERAGEIF(T2_data!T2:T4251,"no",T2_data!R2:R4251) -> 2.7530175
A3: Yes | B3: =AVERAGEIF(T2_data!T2:T4251,"yes",T2_data!P2:P4251) -> 10.632441 | C3: =AVERAGEIF(T2_data!T2:T4251,"yes",T2_data!R2:R4251) -> 2.8712542

Sheet Q9
A1: Metric | B1: Value (train)
A2: Correlation(total_day_calls, churn) | B2: =CORREL(T2_data!H2:H4251,--(T2_data!T2:T4251="yes")) -> 0.011640422

Sheet Q10
A1: Churn (train) | B1: Avg eve charges
A2: No | B2: =AVERAGEIF(T2_data!T2:T4251,"no",T2_data!L2:L4251) -> 16.878743
A3: Yes | B3: =AVERAGEIF(T2_data!T2:T4251,"yes",T2_data!L2:L4251) -> 17.847207

Sheet sample
A1: id | B1: churn
A2: 1 | B2: yes
A3: 2 | B3: no
A4: 3 | B4: no
A5: 4 | B5: yes
A6: 5 | B6: yes
A7: 6 | B7: no
A8: 7 | B8: no
A9: 8 | B9: no
A10: 9 | B10: no
A11: 10 | B11: yes
A12: 11 | B12: no
A13: 12 | B13: no
... A751: 750 | B751: yes
